SKIP,
-0.725848081,
-0.725848011,
-0.725847747,
-0.725847066,
-0.725845255,
-0.725839956,
-0.725822754,
-0.725761671,
-0.725530563,
-0.724630574,
-0.721181256,
-0.709015496,
-0.673668676,
-0.598964134,
-0.482624308,
-0.318407101,
-0.076531927,
0.230755323,
0.465409806,
0.465409806,
0.230755323,
-0.076531927,
-0.318407101,
-0.482624308,
-0.598964134,
-0.673668676,
-0.709015496,
-0.721181256,
-0.724630574,
-0.725530563,
-0.725761671,
-0.725822754,
-0.725839956,
-0.725845255,
-0.725847066,
-0.725847747,
-0.725848011,
